id,nc,sent,rank label,rank pred,input,output,time
0,ცუდი ნაყოფი,კიდეც ფიქრობდნენ _ ამ მისმა (ნოინის) ზრუნვამ ცუდი ნაყოფი არ გამოიღოსო.,,"['45789558651.png', '49030358999.png', '87139807946.png', '30328984881.png', '51557411384.png']","Consider the expression: [ცუდი ნაყოფი] in the Georgian language, and its meaning in context: [კიდეც ფიქრობდნენ _ ამ მისმა (ნოინის) ზრუნვამ ცუდი ნაყოფი არ გამოიღოსო.]. Rank the following captions based on how well that they relect that meaning. Return only a list of reordered indices, e.g., [1, 3, 2, 4, 5], from most to least similar. Do not include any explanation.","[4, 2, 3, 1, 5]",1.8104910850524902
1,ცუდი ნაყოფი,"არ არსებობს კარგი ხე, რომელმაც ცუდი ნაყოფი გამოიღოს",,"['45789558651.png', '49030358999.png', '87139807946.png', '30328984881.png', '51557411384.png']","Consider the expression: [ცუდი ნაყოფი] in the Georgian language, and its meaning in context: [არ არსებობს კარგი ხე, რომელმაც ცუდი ნაყოფი გამოიღოს]. Rank the following captions based on how well that they relect that meaning. Return only a list of reordered indices, e.g., [1, 3, 2, 4, 5], from most to least similar. Do not include any explanation.","[4, 1, 2, 3, 5]",1.1472561359405518
2,ცუდი ნაყოფი,"ნაკლებობა: სუსტი ფესვთა სისტემა, ცუდი ნაყოფის ხარისხი, ნაყოფის მომწიფების შენელება.",,"['45789558651.png', '87139807946.png', '49030358999.png', '51557411384.png', '30328984881.png']","Consider the expression: [ცუდი ნაყოფი] in the Georgian language, and its meaning in context: [ნაკლებობა: სუსტი ფესვთა სისტემა, ცუდი ნაყოფის ხარისხი, ნაყოფის მომწიფების შენელება.]. Rank the following captions based on how well that they relect that meaning. Return only a list of reordered indices, e.g., [1, 3, 2, 4, 5], from most to least similar. Do not include any explanation.","[2, 4, 1, 5, 3]",1.132383108139038
3,ცუდი ნაყოფი,"და აჰა, აქ არის ყველანაირი ცუდი ნაყოფი; და არ მოაქვს არანაირი სარგებელი, მთელი ჩვენი შრომის მიუხედავად.",,"['45789558651.png', '87139807946.png', '49030358999.png', '30328984881.png', '51557411384.png']","Consider the expression: [ცუდი ნაყოფი] in the Georgian language, and its meaning in context: [და აჰა, აქ არის ყველანაირი ცუდი ნაყოფი; და არ მოაქვს არანაირი სარგებელი, მთელი ჩვენი შრომის მიუხედავად.]. Rank the following captions based on how well that they relect that meaning. Return only a list of reordered indices, e.g., [1, 3, 2, 4, 5], from most to least similar. Do not include any explanation.","[4, 3, 5, 2, 1]",4.04877233505249
4,ვინმესთვის თვალის ახელა,"საჭირო იყო გამორკვევა, თვალების ახელა და დაკვირვებით სწორ გზაზე გავლა.",,"['22521627994.png', '90428631697.png', '96676136108.png', '51884317144.png', '80536706790.png']","Consider the expression: [ვინმესთვის თვალის ახელა] in the Georgian language, and its meaning in context: [საჭირო იყო გამორკვევა, თვალების ახელა და დაკვირვებით სწორ გზაზე გავლა.]. Rank the following captions based on how well that they relect that meaning. Return only a list of reordered indices, e.g., [1, 3, 2, 4, 5], from most to least similar. Do not include any explanation.","[2, 5, 4, 1, 3]",5.265284061431885
5,ვინმესთვის თვალის ახელა,ერთადერთი მისია აქვს ასეთ კინოს - თვალის ახელა!,,"['90428631697.png', '80536706790.png', '96676136108.png', '22521627994.png', '51884317144.png']","Consider the expression: [ვინმესთვის თვალის ახელა] in the Georgian language, and its meaning in context: [ერთადერთი მისია აქვს ასეთ კინოს - თვალის ახელა!]. Rank the following captions based on how well that they relect that meaning. Return only a list of reordered indices, e.g., [1, 3, 2, 4, 5], from most to least similar. Do not include any explanation.","[5, 1, 3, 2, 4]",2.1205995082855225
6,ვინმესთვის თვალის ახელა,"მგზავრები თვალის ახელას ვეღარ ახერხებდნენ, რადგანაც პირდაპირი ქარი იყო და თვალებში მტვერს აყრიდა.",,"['96676136108.png', '90428631697.png', '80536706790.png', '22521627994.png', '51884317144.png']","Consider the expression: [ვინმესთვის თვალის ახელა] in the Georgian language, and its meaning in context: [მგზავრები თვალის ახელას ვეღარ ახერხებდნენ, რადგანაც პირდაპირი ქარი იყო და თვალებში მტვერს აყრიდა.]. Rank the following captions based on how well that they relect that meaning. Return only a list of reordered indices, e.g., [1, 3, 2, 4, 5], from most to least similar. Do not include any explanation.","[2, 3, 1, 5, 4]",1.0270090103149414
7,ვინმესთვის თვალის ახელა,"წყალზე გავლა, ბრმებისთვის თვალის ახელა, წყლის ღვინოდ ქცევა.",,"['90428631697.png', '51884317144.png', '80536706790.png', '96676136108.png', '22521627994.png']","Consider the expression: [ვინმესთვის თვალის ახელა] in the Georgian language, and its meaning in context: [წყალზე გავლა, ბრმებისთვის თვალის ახელა, წყლის ღვინოდ ქცევა.]. Rank the following captions based on how well that they relect that meaning. Return only a list of reordered indices, e.g., [1, 3, 2, 4, 5], from most to least similar. Do not include any explanation.","[3, 1, 5, 2, 4]",3.943559408187866
8,დიდი მოთამაშე,"თუმცა, აღსანიშნავია, რომ ნავთობის ინდუსტრიის ყველაზე დიდი მოთამაშე ამერიკული კომპანია არ არის.",,"['93154424147.png', '29095611374.png', '94074678561.png', '76367116350.png', '74070817271.png']","Consider the expression: [დიდი მოთამაშე] in the Georgian language, and its meaning in context: [თუმცა, აღსანიშნავია, რომ ნავთობის ინდუსტრიის ყველაზე დიდი მოთამაშე ამერიკული კომპანია არ არის.]. Rank the following captions based on how well that they relect that meaning. Return only a list of reordered indices, e.g., [1, 3, 2, 4, 5], from most to least similar. Do not include any explanation.","[3, 1, 5, 4, 2]",4.5679404735565186
9,დიდი მოთამაშე,გახდება თუ არა სილკნეტი კომუნიკაციის ბაზრის ყველაზე დიდი მოთამაშე,,"['29095611374.png', '93154424147.png', '76367116350.png', '94074678561.png', '74070817271.png']","Consider the expression: [დიდი მოთამაშე] in the Georgian language, and its meaning in context: [გახდება თუ არა სილკნეტი კომუნიკაციის ბაზრის ყველაზე დიდი მოთამაშე]. Rank the following captions based on how well that they relect that meaning. Return only a list of reordered indices, e.g., [1, 3, 2, 4, 5], from most to least similar. Do not include any explanation.","[1, 4, 3, 5, 2]",3.6308250427246094
10,დიდი მოთამაშე,NBA-ს კიდევ ორი დიდი მოთამაშე დაემშვიდობა.,,"['93154424147.png', '76367116350.png', '29095611374.png', '94074678561.png', '74070817271.png']","Consider the expression: [დიდი მოთამაშე] in the Georgian language, and its meaning in context: [NBA-ს კიდევ ორი დიდი მოთამაშე დაემშვიდობა.]. Rank the following captions based on how well that they relect that meaning. Return only a list of reordered indices, e.g., [1, 3, 2, 4, 5], from most to least similar. Do not include any explanation.","[4, 1, 3, 5, 2]",4.506823301315308
11,დიდი მოთამაშე,რა ხდება „სამ ლომთან“? დიდი მოთამაშე ტოვებს ეროვნულ გუნდს.,,"['93154424147.png', '76367116350.png', '29095611374.png', '94074678561.png', '74070817271.png']","Consider the expression: [დიდი მოთამაშე] in the Georgian language, and its meaning in context: [რა ხდება „სამ ლომთან“? დიდი მოთამაშე ტოვებს ეროვნულ გუნდს.]. Rank the following captions based on how well that they relect that meaning. Return only a list of reordered indices, e.g., [1, 3, 2, 4, 5], from most to least similar. Do not include any explanation.","[5, 2, 1, 3, 4]",1.023740530014038
12,შავი ყუთი,ჩვენი მეხსიერება ერთგვარი „შავი ყუთია“ და მისი წყალობით მთელი ცხოვრების მანძილზე დავატარებთ ინფორმაციას,,"['99771117167.png', '23303982168.png', '68411112781.png', '40808310905.png', '16904968865.png']","Consider the expression: [შავი ყუთი] in the Georgian language, and its meaning in context: [ჩვენი მეხსიერება ერთგვარი „შავი ყუთია“ და მისი წყალობით მთელი ცხოვრების მანძილზე დავატარებთ ინფორმაციას]. Rank the following captions based on how well that they relect that meaning. Return only a list of reordered indices, e.g., [1, 3, 2, 4, 5], from most to least similar. Do not include any explanation.","[2, 3, 1, 4, 5]",1.2697501182556152
13,შავი ყუთი,"ლუქსემბურგის საინვესტიციო ფონდები ფინანსური „შავი ყუთია“, რომელიც ადამიანებს ფულის გათეთრებასა და გადასახადების თავიდან არიდებაში ეხმარება.",,"['23303982168.png', '99771117167.png', '68411112781.png', '40808310905.png', '16904968865.png']","Consider the expression: [შავი ყუთი] in the Georgian language, and its meaning in context: [ლუქსემბურგის საინვესტიციო ფონდები ფინანსური „შავი ყუთია“, რომელიც ადამიანებს ფულის გათეთრებასა და გადასახადების თავიდან არიდებაში ეხმარება.]. Rank the following captions based on how well that they relect that meaning. Return only a list of reordered indices, e.g., [1, 3, 2, 4, 5], from most to least similar. Do not include any explanation.","[2, 1, 5, 4, 3]",1.19356369972229
14,შავი ყუთი,"შავი ყუთის სისტემა, როგორც წესი გამოისახება ინფორმაციული ნაკადების დიაგრამის სახით, შავი ყუთით ცენტრში.",,"['23303982168.png', '99771117167.png', '68411112781.png', '40808310905.png', '16904968865.png']","Consider the expression: [შავი ყუთი] in the Georgian language, and its meaning in context: [შავი ყუთის სისტემა, როგორც წესი გამოისახება ინფორმაციული ნაკადების დიაგრამის სახით, შავი ყუთით ცენტრში.]. Rank the following captions based on how well that they relect that meaning. Return only a list of reordered indices, e.g., [1, 3, 2, 4, 5], from most to least similar. Do not include any explanation.","[3, 1, 4, 2, 5]",1.289597988128662
15,შავი ყუთი,"ალბათ, მკითხველს დააინტერესებს როგორია სინამდვილეში ""შავი ყუთი"".",,"['23303982168.png', '99771117167.png', '68411112781.png', '40808310905.png', '16904968865.png']","Consider the expression: [შავი ყუთი] in the Georgian language, and its meaning in context: [ალბათ, მკითხველს დააინტერესებს როგორია სინამდვილეში ""შავი ყუთი"".]. Rank the following captions based on how well that they relect that meaning. Return only a list of reordered indices, e.g., [1, 3, 2, 4, 5], from most to least similar. Do not include any explanation.","[5, 1, 2, 3, 4]",4.148013353347778
16,საყრდენი ქვა,ალჟირი ჩრდილოეთ აფრიკაში სტაბილურობის საყრდენი ქვაა.,,"['25846663495.png', '77721134612.png', '95561842239.png', '43178842611.png', '92043919701.png']","Consider the expression: [საყრდენი ქვა] in the Georgian language, and its meaning in context: [ალჟირი ჩრდილოეთ აფრიკაში სტაბილურობის საყრდენი ქვაა.]. Rank the following captions based on how well that they relect that meaning. Return only a list of reordered indices, e.g., [1, 3, 2, 4, 5], from most to least similar. Do not include any explanation.","[3, 4, 5, 1, 2]",1.0674619674682617
17,საყრდენი ქვა,"ეს კრებული შეიცავს პლატონის კლასიკურ დიალოგებს, რომლებიც დასავლეთის ფილოსოფიის საყრდენი ქვაა.",,"['25846663495.png', '95561842239.png', '77721134612.png', '92043919701.png', '43178842611.png']","Consider the expression: [საყრდენი ქვა] in the Georgian language, and its meaning in context: [ეს კრებული შეიცავს პლატონის კლასიკურ დიალოგებს, რომლებიც დასავლეთის ფილოსოფიის საყრდენი ქვაა.]. Rank the following captions based on how well that they relect that meaning. Return only a list of reordered indices, e.g., [1, 3, 2, 4, 5], from most to least similar. Do not include any explanation.","[1, 5, 4, 2, 3]",2.572291612625122
18,საყრდენი ქვა,"საინტერესოა აღინიშნოს, რომ ორი საყრდენი ქვა, როგორც ჩანს, ცოტა მოკლე იყო და მათზე დაახლოებით თავის ზომის ლოდის დადებამ „დაეხმარა“.",,"['25846663495.png', '77721134612.png', '95561842239.png', '92043919701.png', '43178842611.png']","Consider the expression: [საყრდენი ქვა] in the Georgian language, and its meaning in context: [საინტერესოა აღინიშნოს, რომ ორი საყრდენი ქვა, როგორც ჩანს, ცოტა მოკლე იყო და მათზე დაახლოებით თავის ზომის ლოდის დადებამ „დაეხმარა“.]. Rank the following captions based on how well that they relect that meaning. Return only a list of reordered indices, e.g., [1, 3, 2, 4, 5], from most to least similar. Do not include any explanation.","[2, 5, 3, 1, 4]",4.263456583023071
19,საყრდენი ქვა,ჩვენი საყრდენი ქვა ბუნებრივი და ფერადია.,,"['25846663495.png', '77721134612.png', '95561842239.png', '43178842611.png', '92043919701.png']","Consider the expression: [საყრდენი ქვა] in the Georgian language, and its meaning in context: [ჩვენი საყრდენი ქვა ბუნებრივი და ფერადია.]. Rank the following captions based on how well that they relect that meaning. Return only a list of reordered indices, e.g., [1, 3, 2, 4, 5], from most to least similar. Do not include any explanation.","[4, 1, 3, 5, 2]",4.821343183517456
20,კაპიკად ღირებული,"ყოველი მათგანი კაპიკად ღირებული სარგებლისათვის, ყელს გამოგღადრავს.",,"['56092436953.png', '33803460416.png', '61916169574.png', '11446385219.png', '26677614340.png']","Consider the expression: [კაპიკად ღირებული] in the Georgian language, and its meaning in context: [ყოველი მათგანი კაპიკად ღირებული სარგებლისათვის, ყელს გამოგღადრავს.]. Rank the following captions based on how well that they relect that meaning. Return only a list of reordered indices, e.g., [1, 3, 2, 4, 5], from most to least similar. Do not include any explanation.","[2, 4, 3, 1, 5]",4.9501051902771
21,კაპიკად ღირებული,"ამის საპირისპიროდ ჩნდებოდნენ ადამიანები, ვისაც არ აკმაყოფილებდა მინიმალური საცხოვრებელი პირობები და კაპიკად ღირებული შაქარი, ვინც მისტიროდნენ დახვრეტილ მწერლებს და ისინი, ვინც ზიზღით ახსენებდნენ სტალინის სახელს…",,"['33803460416.png', '56092436953.png', '61916169574.png', '11446385219.png', '26677614340.png']","Consider the expression: [კაპიკად ღირებული] in the Georgian language, and its meaning in context: [ამის საპირისპიროდ ჩნდებოდნენ ადამიანები, ვისაც არ აკმაყოფილებდა მინიმალური საცხოვრებელი პირობები და კაპიკად ღირებული შაქარი, ვინც მისტიროდნენ დახვრეტილ მწერლებს და ისინი, ვინც ზიზღით ახსენებდნენ სტალინის სახელს…]. Rank the following captions based on how well that they relect that meaning. Return only a list of reordered indices, e.g., [1, 3, 2, 4, 5], from most to least similar. Do not include any explanation.","[2, 1, 5, 3, 4]",1.2879369258880615
22,კაპიკად ღირებული,"მოხუცმა ქალმა ააწონინა ნახევარი კილო ძეხვი „მოყვარულთა“, ორასი გრამი ყველი „რუსეთული“, გამოართვა ერთიც ორმოცდაორ კაპიკად ღირებული მდოგვი.",,"['61916169574.png', '33803460416.png', '56092436953.png', '11446385219.png', '26677614340.png']","Consider the expression: [კაპიკად ღირებული] in the Georgian language, and its meaning in context: [მოხუცმა ქალმა ააწონინა ნახევარი კილო ძეხვი „მოყვარულთა“, ორასი გრამი ყველი „რუსეთული“, გამოართვა ერთიც ორმოცდაორ კაპიკად ღირებული მდოგვი.]. Rank the following captions based on how well that they relect that meaning. Return only a list of reordered indices, e.g., [1, 3, 2, 4, 5], from most to least similar. Do not include any explanation.","[3, 1, 2, 4, 5]",6.467931509017944
23,კაპიკად ღირებული,"მედუქნეს თხოვა 30 კაპიკად ღირებული 4 შეკვრა თუთუნი, 9 კოლოფი ვაზნები, რომლის ფასი დათამ.",,"['56092436953.png', '33803460416.png', '61916169574.png', '11446385219.png', '26677614340.png']","Consider the expression: [კაპიკად ღირებული] in the Georgian language, and its meaning in context: [მედუქნეს თხოვა 30 კაპიკად ღირებული 4 შეკვრა თუთუნი, 9 კოლოფი ვაზნები, რომლის ფასი დათამ.]. Rank the following captions based on how well that they relect that meaning. Return only a list of reordered indices, e.g., [1, 3, 2, 4, 5], from most to least similar. Do not include any explanation.","[1, 4, 3, 2, 5]",3.675427198410034
24,ბეწვზე გადარჩენა,"ომში კი, ვიყავი, როგორ არა... ორიოლთან დავიჭერი, ბეწვზე გადავრჩი",,"['21488806521.png', '13012088297.png', '57467007683.png', '75991172974.png', '71011194913.png']","Consider the expression: [ბეწვზე გადარჩენა] in the Georgian language, and its meaning in context: [ომში კი, ვიყავი, როგორ არა... ორიოლთან დავიჭერი, ბეწვზე გადავრჩი]. Rank the following captions based on how well that they relect that meaning. Return only a list of reordered indices, e.g., [1, 3, 2, 4, 5], from most to least similar. Do not include any explanation.","[1, 2, 5, 3, 4]",2.498269557952881
25,ბეწვზე გადარჩენა,"სამზარეულოში ჭერი ჩამოინგრა, მე... რაღაც ბეწვზე გადავრჩი",,"['13012088297.png', '21488806521.png', '57467007683.png', '71011194913.png', '75991172974.png']","Consider the expression: [ბეწვზე გადარჩენა] in the Georgian language, and its meaning in context: [სამზარეულოში ჭერი ჩამოინგრა, მე... რაღაც ბეწვზე გადავრჩი]. Rank the following captions based on how well that they relect that meaning. Return only a list of reordered indices, e.g., [1, 3, 2, 4, 5], from most to least similar. Do not include any explanation.","[5, 4, 3, 1, 2]",2.676539897918701
26,ბეწვზე გადარჩენა,"ვაიმე რა გააკეთა, ბეწვზე გადარჩა  ქვეითებზე უნდა გამკაცრდეს კანონი",,"['13012088297.png', '57467007683.png', '21488806521.png', '71011194913.png', '75991172974.png']","Consider the expression: [ბეწვზე გადარჩენა] in the Georgian language, and its meaning in context: [ვაიმე რა გააკეთა, ბეწვზე გადარჩა  ქვეითებზე უნდა გამკაცრდეს კანონი]. Rank the following captions based on how well that they relect that meaning. Return only a list of reordered indices, e.g., [1, 3, 2, 4, 5], from most to least similar. Do not include any explanation.","[4, 5, 2, 1, 3]",1.0438408851623535
27,ბეწვზე გადარჩენა,"ადგილობრივის თქმით, ავტომობილის მძღოლი ბეწვზე გადარჩა.",,"['13012088297.png', '21488806521.png', '57467007683.png', '75991172974.png', '71011194913.png']","Consider the expression: [ბეწვზე გადარჩენა] in the Georgian language, and its meaning in context: [ადგილობრივის თქმით, ავტომობილის მძღოლი ბეწვზე გადარჩა.]. Rank the following captions based on how well that they relect that meaning. Return only a list of reordered indices, e.g., [1, 3, 2, 4, 5], from most to least similar. Do not include any explanation.","[1, 2, 3, 4, 5]",1.0582456588745117
28,ეშმაკის ადვოკატი,"“ეშმაკის ადვოკატი პროკურორია"".",,"['11936211151.png', '11385704984.png', '48107926872.png', '73039236238.png', '87557359724.png']","Consider the expression: [ეშმაკის ადვოკატი] in the Georgian language, and its meaning in context: [“ეშმაკის ადვოკატი პროკურორია"".]. Rank the following captions based on how well that they relect that meaning. Return only a list of reordered indices, e.g., [1, 3, 2, 4, 5], from most to least similar. Do not include any explanation.","[3, 1, 5, 4, 2]",1.4592211246490479
29,ეშმაკის ადვოკატი,ეშმაკის ადვოკატი ანუ პოლიტიკური ეგზორციზმი ქართულად.,,"['11936211151.png', '11385704984.png', '48107926872.png', '73039236238.png', '87557359724.png']","Consider the expression: [ეშმაკის ადვოკატი] in the Georgian language, and its meaning in context: [ეშმაკის ადვოკატი ანუ პოლიტიკური ეგზორციზმი ქართულად.]. Rank the following captions based on how well that they relect that meaning. Return only a list of reordered indices, e.g., [1, 3, 2, 4, 5], from most to least similar. Do not include any explanation.","[5, 1, 4, 2, 3]",1.1620075702667236
30,ეშმაკის ადვოკატი,"არსებობდა თუ არა რეალურად პროფესია ""ეშმაკის ადვოკატი""",,"['11936211151.png', '48107926872.png', '11385704984.png', '87557359724.png', '73039236238.png']","Consider the expression: [ეშმაკის ადვოკატი] in the Georgian language, and its meaning in context: [არსებობდა თუ არა რეალურად პროფესია ""ეშმაკის ადვოკატი""]. Rank the following captions based on how well that they relect that meaning. Return only a list of reordered indices, e.g., [1, 3, 2, 4, 5], from most to least similar. Do not include any explanation.","[3, 2, 5, 1, 4]",1.2306599617004395
31,ეშმაკის ადვოკატი,"ასტროლოგები დარწმუნებულები არიან, რომ ზოდიაქოს მხოლოდ ერთი ნიშანი არსებობს, რომელსაც შეიძლება ეწოდოს ეშმაკის ადვოკატი.",,"['11936211151.png', '11385704984.png', '48107926872.png', '73039236238.png', '87557359724.png']","Consider the expression: [ეშმაკის ადვოკატი] in the Georgian language, and its meaning in context: [ასტროლოგები დარწმუნებულები არიან, რომ ზოდიაქოს მხოლოდ ერთი ნიშანი არსებობს, რომელსაც შეიძლება ეწოდოს ეშმაკის ადვოკატი.]. Rank the following captions based on how well that they relect that meaning. Return only a list of reordered indices, e.g., [1, 3, 2, 4, 5], from most to least similar. Do not include any explanation.","[3, 1, 2, 5, 4]",3.523634433746338
32,ბინძური ფული,არსებობს ქართულ პოლიტიკაში ბინძური ფული.,,"['37326730909.png', '73034787148.png', '36680826796.png', '70155834561.png', '79203419586.png']","Consider the expression: [ბინძური ფული] in the Georgian language, and its meaning in context: [არსებობს ქართულ პოლიტიკაში ბინძური ფული.]. Rank the following captions based on how well that they relect that meaning. Return only a list of reordered indices, e.g., [1, 3, 2, 4, 5], from most to least similar. Do not include any explanation.","[4, 1, 5, 2, 3]",1.1164731979370117
33,ბინძური ფული,"საქართველოში ბოლო წლებში მომხდარი არაერთი საბოტაჟის მცდელობის უკან, უცხოური ბინძური ფული იდგა.",,"['36680826796.png', '73034787148.png', '70155834561.png', '37326730909.png', '79203419586.png']","Consider the expression: [ბინძური ფული] in the Georgian language, and its meaning in context: [საქართველოში ბოლო წლებში მომხდარი არაერთი საბოტაჟის მცდელობის უკან, უცხოური ბინძური ფული იდგა.]. Rank the following captions based on how well that they relect that meaning. Return only a list of reordered indices, e.g., [1, 3, 2, 4, 5], from most to least similar. Do not include any explanation.","[2, 4, 1, 5, 3]",3.6652672290802
34,ბინძური ფული,"აღმოჩნდა, რომ მსოფლიოში ყველაზე ბინძური ფული ჩინური იუანია.",,"['70155834561.png', '36680826796.png', '73034787148.png', '37326730909.png', '79203419586.png']","Consider the expression: [ბინძური ფული] in the Georgian language, and its meaning in context: [აღმოჩნდა, რომ მსოფლიოში ყველაზე ბინძური ფული ჩინური იუანია.]. Rank the following captions based on how well that they relect that meaning. Return only a list of reordered indices, e.g., [1, 3, 2, 4, 5], from most to least similar. Do not include any explanation.","[3, 4, 2, 1, 5]",1.4910633563995361
35,ბინძური ფული,დაჭმუჭნული და ხელში გაოფლიანებული ბინძური ფული.,,"['70155834561.png', '36680826796.png', '73034787148.png', '37326730909.png', '79203419586.png']","Consider the expression: [ბინძური ფული] in the Georgian language, and its meaning in context: [დაჭმუჭნული და ხელში გაოფლიანებული ბინძური ფული.]. Rank the following captions based on how well that they relect that meaning. Return only a list of reordered indices, e.g., [1, 3, 2, 4, 5], from most to least similar. Do not include any explanation.","[1, 4, 2, 3, 5]",2.7722179889678955
36,ხარივით მუშა,მაგრამ ხარივით მუშა და გამძლეა.,,"['26643305705.png', '74232779278.png', '57833599501.png', '75553501904.png', '13235339634.png']","Consider the expression: [ხარივით მუშა] in the Georgian language, and its meaning in context: [მაგრამ ხარივით მუშა და გამძლეა.]. Rank the following captions based on how well that they relect that meaning. Return only a list of reordered indices, e.g., [1, 3, 2, 4, 5], from most to least similar. Do not include any explanation.","[5, 2, 1, 4, 3]",3.474665880203247
37,აკადემიის ჯილდო,სალომე ჯაშს ბერლინის ხელოვნების აკადემიის ჯილდო გადაეცემა.,,"['71161987570.png', '79596910426.png', '91663863680.png', '59016261066.png', '14159069524.png']","Consider the expression: [აკადემიის ჯილდო] in the Georgian language, and its meaning in context: [სალომე ჯაშს ბერლინის ხელოვნების აკადემიის ჯილდო გადაეცემა.]. Rank the following captions based on how well that they relect that meaning. Return only a list of reordered indices, e.g., [1, 3, 2, 4, 5], from most to least similar. Do not include any explanation.","[2, 3, 5, 1, 4]",3.6332497596740723
38,აკადემიის ჯილდო,ქართველმა კინოდოკუმენტალისტმა ბერლინის ხელოვნების აკადემიის ჯილდო კატეგორიაში – კინო და მედიახელოვნება მოიპოვა.,,"['91663863680.png', '71161987570.png', '59016261066.png', '79596910426.png', '14159069524.png']","Consider the expression: [აკადემიის ჯილდო] in the Georgian language, and its meaning in context: [ქართველმა კინოდოკუმენტალისტმა ბერლინის ხელოვნების აკადემიის ჯილდო კატეგორიაში – კინო და მედიახელოვნება მოიპოვა.]. Rank the following captions based on how well that they relect that meaning. Return only a list of reordered indices, e.g., [1, 3, 2, 4, 5], from most to least similar. Do not include any explanation.","[1, 5, 4, 3, 2]",4.7027366161346436
39,აკადემიის ჯილდო,"შეგახსენებთ, რომ საუკეთესო მამაკაცის როლის შესრულებისთვის აკადემიის ჯილდო გადაეცა ხოაკინ ფენიქსს, ფილმ ჯოკერში შესრულებული მთავარი როლისთვის.",,"['71161987570.png', '79596910426.png', '91663863680.png', '14159069524.png', '59016261066.png']","Consider the expression: [აკადემიის ჯილდო] in the Georgian language, and its meaning in context: [შეგახსენებთ, რომ საუკეთესო მამაკაცის როლის შესრულებისთვის აკადემიის ჯილდო გადაეცა ხოაკინ ფენიქსს, ფილმ ჯოკერში შესრულებული მთავარი როლისთვის.]. Rank the following captions based on how well that they relect that meaning. Return only a list of reordered indices, e.g., [1, 3, 2, 4, 5], from most to least similar. Do not include any explanation.","[1, 5, 2, 4, 3]",2.608534336090088
40,აკადემიის ჯილდო,"აკადემიის ჯილდო — ასევე ცნობილი, როგორც ოსკარი — კინოსამყაროში ყველაზე დიდ აღიარებად ითვლება.",,"['71161987570.png', '91663863680.png', '14159069524.png', '79596910426.png', '59016261066.png']","Consider the expression: [აკადემიის ჯილდო] in the Georgian language, and its meaning in context: [აკადემიის ჯილდო — ასევე ცნობილი, როგორც ოსკარი — კინოსამყაროში ყველაზე დიდ აღიარებად ითვლება.]. Rank the following captions based on how well that they relect that meaning. Return only a list of reordered indices, e.g., [1, 3, 2, 4, 5], from most to least similar. Do not include any explanation.","[2, 5, 1, 3, 4]",1.5456061363220215
41,უძველესი ისტორია,"უძველესი ისტორია, შესაძლოა, ყალბი იყოს.",,"['14094859445.png', '34702854773.png', '35022612123.png', '77590466041.png', '48331231329.png']","Consider the expression: [უძველესი ისტორია] in the Georgian language, and its meaning in context: [უძველესი ისტორია, შესაძლოა, ყალბი იყოს.]. Rank the following captions based on how well that they relect that meaning. Return only a list of reordered indices, e.g., [1, 3, 2, 4, 5], from most to least similar. Do not include any explanation.","[3, 1, 5, 4, 2]",3.381566047668457
42,უძველესი ისტორია,აქ უძველესი ისტორია და ულამაზესი ბუნება იდეალურ ბალანსს პოულობს და მთავარ როლს ასრულებს.,,"['34702854773.png', '35022612123.png', '77590466041.png', '48331231329.png', '14094859445.png']","Consider the expression: [უძველესი ისტორია] in the Georgian language, and its meaning in context: [აქ უძველესი ისტორია და ულამაზესი ბუნება იდეალურ ბალანსს პოულობს და მთავარ როლს ასრულებს.]. Rank the following captions based on how well that they relect that meaning. Return only a list of reordered indices, e.g., [1, 3, 2, 4, 5], from most to least similar. Do not include any explanation.","[3, 1, 4, 5, 2]",1.0360043048858643
43,უძველესი ისტორია,"არადა, ამ ჯიშის ძაღლს უძველესი ისტორია აქვს.",,"['34702854773.png', '77590466041.png', '35022612123.png', '48331231329.png', '14094859445.png']","Consider the expression: [უძველესი ისტორია] in the Georgian language, and its meaning in context: [არადა, ამ ჯიშის ძაღლს უძველესი ისტორია აქვს.]. Rank the following captions based on how well that they relect that meaning. Return only a list of reordered indices, e.g., [1, 3, 2, 4, 5], from most to least similar. Do not include any explanation.","[4, 5, 1, 2, 3]",3.9296517372131348
44,უძველესი ისტორია,მონასტრის უძველესი ისტორია ერთობ ბუნდოვანია.,,"['34702854773.png', '35022612123.png', '14094859445.png', '77590466041.png', '48331231329.png']","Consider the expression: [უძველესი ისტორია] in the Georgian language, and its meaning in context: [მონასტრის უძველესი ისტორია ერთობ ბუნდოვანია.]. Rank the following captions based on how well that they relect that meaning. Return only a list of reordered indices, e.g., [1, 3, 2, 4, 5], from most to least similar. Do not include any explanation.","[4, 2, 3, 1, 5]",1.4075403213500977
45,ყველაფრის ექსპერტი,"„ყველაფრის ექსპერტი”, „ვითომექსპერტი”, „გვეშველება რამე?” – აი, მასთან დაკავშირებული პირველი ასოციაციები.",,"['67321905224.png', '36621236383.png', '22851393226.png', '97989166380.png', '93926519452.png']","Consider the expression: [ყველაფრის ექსპერტი] in the Georgian language, and its meaning in context: [„ყველაფრის ექსპერტი”, „ვითომექსპერტი”, „გვეშველება რამე?” – აი, მასთან დაკავშირებული პირველი ასოციაციები.]. Rank the following captions based on how well that they relect that meaning. Return only a list of reordered indices, e.g., [1, 3, 2, 4, 5], from most to least similar. Do not include any explanation.","[5, 1, 2, 3, 4]",1.0137519836425781
46,ყველაფრის ექსპერტი,ყველაფრის ექსპერტი კი დისკრიმინაციაზე ალაპარაკდა.,,"['67321905224.png', '36621236383.png', '22851393226.png', '97989166380.png', '93926519452.png']","Consider the expression: [ყველაფრის ექსპერტი] in the Georgian language, and its meaning in context: [ყველაფრის ექსპერტი კი დისკრიმინაციაზე ალაპარაკდა.]. Rank the following captions based on how well that they relect that meaning. Return only a list of reordered indices, e.g., [1, 3, 2, 4, 5], from most to least similar. Do not include any explanation.","[5, 2, 1, 3, 4]",5.178918838500977
47,ყველაფრის ექსპერტი,"რა თქმა უნდა, შეუძლებელია, გახდე ყველაფრის ექსპერტი, მაგრამ შესაძლებელია, ამოირჩიო კონკრეტული სფერო, რომელიც კარგად გეცოდინება.",,"['67321905224.png', '93926519452.png', '36621236383.png', '22851393226.png', '97989166380.png']","Consider the expression: [ყველაფრის ექსპერტი] in the Georgian language, and its meaning in context: [რა თქმა უნდა, შეუძლებელია, გახდე ყველაფრის ექსპერტი, მაგრამ შესაძლებელია, ამოირჩიო კონკრეტული სფერო, რომელიც კარგად გეცოდინება.]. Rank the following captions based on how well that they relect that meaning. Return only a list of reordered indices, e.g., [1, 3, 2, 4, 5], from most to least similar. Do not include any explanation.","[4, 3, 2, 1, 5]",1.1668572425842285
48,ყველაფრის ექსპერტი,"ორ ათწლეულზე მეტია, რაც მექანიკური დამუშავების ინდუსტრიაში ვარ ჩართული და, მიუხედავად იმისა, რომ ყველაფრის ექსპერტი ვერ ვიქნები, ყოველ შემთხვევაში, ყველანაირი პროცესის შესახებ მაინც უნდა მსმენოდა.",,"['93926519452.png', '67321905224.png', '36621236383.png', '22851393226.png', '97989166380.png']","Consider the expression: [ყველაფრის ექსპერტი] in the Georgian language, and its meaning in context: [ორ ათწლეულზე მეტია, რაც მექანიკური დამუშავების ინდუსტრიაში ვარ ჩართული და, მიუხედავად იმისა, რომ ყველაფრის ექსპერტი ვერ ვიქნები, ყოველ შემთხვევაში, ყველანაირი პროცესის შესახებ მაინც უნდა მსმენოდა.]. Rank the following captions based on how well that they relect that meaning. Return only a list of reordered indices, e.g., [1, 3, 2, 4, 5], from most to least similar. Do not include any explanation.","[3, 5, 4, 1, 2]",1.5425269603729248
49,ბანანის რესპუბლიკა,"პომპეოს თქმით, ეს „ცილისწამება“ აჩვენებს, რომ არასწორად ესმით ბანანის რესპუბლიკა და დემოკრატია აშშ-ში.",,"['54819737234.png', '75403234042.png', '65122562258.png', '31888867116.png', '34500845702.png']","Consider the expression: [ბანანის რესპუბლიკა] in the Georgian language, and its meaning in context: [პომპეოს თქმით, ეს „ცილისწამება“ აჩვენებს, რომ არასწორად ესმით ბანანის რესპუბლიკა და დემოკრატია აშშ-ში.]. Rank the following captions based on how well that they relect that meaning. Return only a list of reordered indices, e.g., [1, 3, 2, 4, 5], from most to least similar. Do not include any explanation.","[2, 4, 3, 1, 5]",1.1149048805236816
50,ბანანის რესპუბლიკა,ჩვენ არ ვართ ბანანის რესპუბლიკა და არც არასდროს ვყოფილვართ.,,"['54819737234.png', '75403234042.png', '31888867116.png', '65122562258.png', '34500845702.png']","Consider the expression: [ბანანის რესპუბლიკა] in the Georgian language, and its meaning in context: [ჩვენ არ ვართ ბანანის რესპუბლიკა და არც არასდროს ვყოფილვართ.]. Rank the following captions based on how well that they relect that meaning. Return only a list of reordered indices, e.g., [1, 3, 2, 4, 5], from most to least similar. Do not include any explanation.","[2, 3, 1, 4, 5]",1.3040072917938232
51,ბაზრის ვარდნა,"ბაზრის ვარდნა, შესაძლოა, ყიდვის ფანტასტიკური შესაძლებლობა იყოს, მაგრამ, იმავდროულად, ეს პერიოდი ინვესტიციების გაყიდვისთვის ერთ-ერთი ყველაზე ცუდია.",,"['27594974678.png', '37312769957.png', '60918711497.png', '38458075946.png', '78133571021.png']","Consider the expression: [ბაზრის ვარდნა] in the Georgian language, and its meaning in context: [ბაზრის ვარდნა, შესაძლოა, ყიდვის ფანტასტიკური შესაძლებლობა იყოს, მაგრამ, იმავდროულად, ეს პერიოდი ინვესტიციების გაყიდვისთვის ერთ-ერთი ყველაზე ცუდია.]. Rank the following captions based on how well that they relect that meaning. Return only a list of reordered indices, e.g., [1, 3, 2, 4, 5], from most to least similar. Do not include any explanation.","[2, 5, 3, 1, 4]",3.2518632411956787
52,ბაზრის ვარდნა,"ბაზრის ვარდნა პრაქტიკულად ფასდაკლებას ჰგავს, რაც ინვესტორებს საშუალებას აძლევს, შეიძინონ აქტივები უფრო დაბალ ფასად.",,"['37312769957.png', '60918711497.png', '27594974678.png', '78133571021.png', '38458075946.png']","Consider the expression: [ბაზრის ვარდნა] in the Georgian language, and its meaning in context: [ბაზრის ვარდნა პრაქტიკულად ფასდაკლებას ჰგავს, რაც ინვესტორებს საშუალებას აძლევს, შეიძინონ აქტივები უფრო დაბალ ფასად.]. Rank the following captions based on how well that they relect that meaning. Return only a list of reordered indices, e.g., [1, 3, 2, 4, 5], from most to least similar. Do not include any explanation.","[4, 1, 5, 2, 3]",1.3454945087432861
53,მთლიანი სურათი,"ხანდახან ისე ვართ ჩართულები დღევანდელი დღის გეგმების მოსწრების ფერხულში, რომ შეიძლება გვავიწყდება კიდეც მთლიანი სურათი როგორი გვინდა იყოს.",,"['14477855901.png', '88094344608.png', '62970449998.png', '21822328448.png', '13009917286.png']","Consider the expression: [მთლიანი სურათი] in the Georgian language, and its meaning in context: [ხანდახან ისე ვართ ჩართულები დღევანდელი დღის გეგმების მოსწრების ფერხულში, რომ შეიძლება გვავიწყდება კიდეც მთლიანი სურათი როგორი გვინდა იყოს.]. Rank the following captions based on how well that they relect that meaning. Return only a list of reordered indices, e.g., [1, 3, 2, 4, 5], from most to least similar. Do not include any explanation.","[2, 5, 4, 1, 3]",2.561326026916504
54,მთლიანი სურათი,"აღნიშნული მოდელი კი სახელწმიფოს საშუალებას მისცემს, შეაფასოს მთლიანი სურათი, თუ როგორ ვითარდება ესა თუ ის კონკრეტული დარგი.",,"['62970449998.png', '21822328448.png', '14477855901.png', '88094344608.png', '13009917286.png']","Consider the expression: [მთლიანი სურათი] in the Georgian language, and its meaning in context: [აღნიშნული მოდელი კი სახელწმიფოს საშუალებას მისცემს, შეაფასოს მთლიანი სურათი, თუ როგორ ვითარდება ესა თუ ის კონკრეტული დარგი.]. Rank the following captions based on how well that they relect that meaning. Return only a list of reordered indices, e.g., [1, 3, 2, 4, 5], from most to least similar. Do not include any explanation.","[4, 5, 3, 2, 1]",1.6124639511108398
55,მთლიანი სურათი,7 7 7 – ვიღაც დუხჭირისა და მახინჯის სახის კაცმა თავისი მთლიანი სურათი გადააღებინა.,,"['13009917286.png', '62970449998.png', '14477855901.png', '21822328448.png', '88094344608.png']","Consider the expression: [მთლიანი სურათი] in the Georgian language, and its meaning in context: [7 7 7 – ვიღაც დუხჭირისა და მახინჯის სახის კაცმა თავისი მთლიანი სურათი გადააღებინა.]. Rank the following captions based on how well that they relect that meaning. Return only a list of reordered indices, e.g., [1, 3, 2, 4, 5], from most to least similar. Do not include any explanation.","[3, 4, 1, 2, 5]",1.103651762008667
56,მთლიანი სურათი,"საბჭოეთის აბსურდის მთლიანი სურათი იხატება, იმიტომ რომ აქ არ არის აღწერილი მხოლოდ დანაშაულებები.",,"['62970449998.png', '13009917286.png', '21822328448.png', '88094344608.png', '14477855901.png']","Consider the expression: [მთლიანი სურათი] in the Georgian language, and its meaning in context: [საბჭოეთის აბსურდის მთლიანი სურათი იხატება, იმიტომ რომ აქ არ არის აღწერილი მხოლოდ დანაშაულებები.]. Rank the following captions based on how well that they relect that meaning. Return only a list of reordered indices, e.g., [1, 3, 2, 4, 5], from most to least similar. Do not include any explanation.","[4, 3, 5, 1, 2]",1.0997588634490967
57,ბიოლოგიური საათი,"მერე, არ შეიძლება ეს “ბიოლოგიური საათი” უკან შევატრიალოთ?!",,"['64120829959.png', '39157871623.png', '81871215097.png', '76598181126.png', '58154352581.png']","Consider the expression: [ბიოლოგიური საათი] in the Georgian language, and its meaning in context: [მერე, არ შეიძლება ეს “ბიოლოგიური საათი” უკან შევატრიალოთ?!]. Rank the following captions based on how well that they relect that meaning. Return only a list of reordered indices, e.g., [1, 3, 2, 4, 5], from most to least similar. Do not include any explanation.","[1, 2, 5, 4, 3]",2.702603340148926
58,ბიოლოგიური საათი,ბიოლოგიური საათი უნდა შეეგუოს ახალ გარემოს.,,"['39157871623.png', '64120829959.png', '81871215097.png', '58154352581.png', '76598181126.png']","Consider the expression: [ბიოლოგიური საათი] in the Georgian language, and its meaning in context: [ბიოლოგიური საათი უნდა შეეგუოს ახალ გარემოს.]. Rank the following captions based on how well that they relect that meaning. Return only a list of reordered indices, e.g., [1, 3, 2, 4, 5], from most to least similar. Do not include any explanation.","[1, 4, 5, 2, 3]",1.5715734958648682
59,ბიოლოგიური საათი,ეს არის ადამიანის შინაგანი ბიოლოგიური საათი.,,"['81871215097.png', '58154352581.png', '64120829959.png', '39157871623.png', '76598181126.png']","Consider the expression: [ბიოლოგიური საათი] in the Georgian language, and its meaning in context: [ეს არის ადამიანის შინაგანი ბიოლოგიური საათი.]. Rank the following captions based on how well that they relect that meaning. Return only a list of reordered indices, e.g., [1, 3, 2, 4, 5], from most to least similar. Do not include any explanation.","[4, 2, 5, 1, 3]",1.118161916732788
60,ბიოლოგიური საათი,"ყოველ შემთხვევაში, ჩვენი ბიოლოგიური საათი ჯერ მძიმე სამუშაო დღის დასრულებასაც ვერ გრძნობს.",,"['81871215097.png', '64120829959.png', '39157871623.png', '58154352581.png', '76598181126.png']","Consider the expression: [ბიოლოგიური საათი] in the Georgian language, and its meaning in context: [ყოველ შემთხვევაში, ჩვენი ბიოლოგიური საათი ჯერ მძიმე სამუშაო დღის დასრულებასაც ვერ გრძნობს.]. Rank the following captions based on how well that they relect that meaning. Return only a list of reordered indices, e.g., [1, 3, 2, 4, 5], from most to least similar. Do not include any explanation.","[2, 4, 1, 3, 5]",1.0583078861236572
61,შავი ბაზარი,აშშ-ში მარიხუანის „შავი ბაზარი” ასეულ მილიარდ დოლარად არის შეფასებული.,,"['18597956527.png', '27378871870.png', '58044471671.png', '36712564191.png', '36015226343.png']","Consider the expression: [შავი ბაზარი] in the Georgian language, and its meaning in context: [აშშ-ში მარიხუანის „შავი ბაზარი” ასეულ მილიარდ დოლარად არის შეფასებული.]. Rank the following captions based on how well that they relect that meaning. Return only a list of reordered indices, e.g., [1, 3, 2, 4, 5], from most to least similar. Do not include any explanation.","[4, 5, 3, 1, 2]",2.8440146446228027
62,შავი ბაზარი,"შავი ბაზარი წარმოადგენს ეკონომიკურ საქმიანობას, რომელიც ლეგალური არ არის.",,"['58044471671.png', '27378871870.png', '36015226343.png', '18597956527.png', '36712564191.png']","Consider the expression: [შავი ბაზარი] in the Georgian language, and its meaning in context: [შავი ბაზარი წარმოადგენს ეკონომიკურ საქმიანობას, რომელიც ლეგალური არ არის.]. Rank the following captions based on how well that they relect that meaning. Return only a list of reordered indices, e.g., [1, 3, 2, 4, 5], from most to least similar. Do not include any explanation.","[4, 3, 5, 2, 1]",3.6362290382385254
63,საიდუმლო ოპერაცია,"საიდუმლო ოპერაცია ""პროექტი ალფა"", ანუ როგორ მოიპარეს ამერიკელებმა თბილისური ""იაკი"" - კვირის პალიტრა.",,"['88340722536.png', '42684009231.png', '33148234057.png', '43787198645.png', '42387924792.png']","Consider the expression: [საიდუმლო ოპერაცია] in the Georgian language, and its meaning in context: [საიდუმლო ოპერაცია ""პროექტი ალფა"", ანუ როგორ მოიპარეს ამერიკელებმა თბილისური ""იაკი"" - კვირის პალიტრა.]. Rank the following captions based on how well that they relect that meaning. Return only a list of reordered indices, e.g., [1, 3, 2, 4, 5], from most to least similar. Do not include any explanation.","[2, 4, 1, 3, 5]",245.03090238571167
64,საიდუმლო ოპერაცია,"ეს ერთი და მეორე, გაუგებარია გამუდმებით მითითება, თითქოს მიმდინარეობს რაღაც საიდუმლო ოპერაცია, რომელიც საქართველოზე რუსეთის თავდასხმით დასრულდება.",,"['88340722536.png', '33148234057.png', '43787198645.png', '42684009231.png', '42387924792.png']","Consider the expression: [საიდუმლო ოპერაცია] in the Georgian language, and its meaning in context: [ეს ერთი და მეორე, გაუგებარია გამუდმებით მითითება, თითქოს მიმდინარეობს რაღაც საიდუმლო ოპერაცია, რომელიც საქართველოზე რუსეთის თავდასხმით დასრულდება.]. Rank the following captions based on how well that they relect that meaning. Return only a list of reordered indices, e.g., [1, 3, 2, 4, 5], from most to least similar. Do not include any explanation.","[5, 1, 4, 2, 3]",1.3903295993804932
65,საიდუმლო ოპერაცია,"საიდუმლო ოპერაცია ეწოდება ისეთ სამხედრო ოპერაციას ან დაზვერვას, რომელიც ისეა შესრულებული, რომ ოპერაციის ჩატარების ფაქტი, საზოგადოებისთვის უცნობი რჩება.",,"['33148234057.png', '88340722536.png', '42684009231.png', '42387924792.png', '43787198645.png']","Consider the expression: [საიდუმლო ოპერაცია] in the Georgian language, and its meaning in context: [საიდუმლო ოპერაცია ეწოდება ისეთ სამხედრო ოპერაციას ან დაზვერვას, რომელიც ისეა შესრულებული, რომ ოპერაციის ჩატარების ფაქტი, საზოგადოებისთვის უცნობი რჩება.]. Rank the following captions based on how well that they relect that meaning. Return only a list of reordered indices, e.g., [1, 3, 2, 4, 5], from most to least similar. Do not include any explanation.","[3, 4, 1, 2, 5]",1.0290348529815674
66,საიდუმლო ოპერაცია,"ისრაელის დაზვერვამ ბრწყინვალედ ჩაატარა სამი საიდუმლო ოპერაცია, იუწყება ჟურნალისტი ამიტ სეგალი უსაფრთხოების სამსახურის წყაროზე დაყრდნობით.",,"['88340722536.png', '42387924792.png', '33148234057.png', '42684009231.png', '43787198645.png']","Consider the expression: [საიდუმლო ოპერაცია] in the Georgian language, and its meaning in context: [ისრაელის დაზვერვამ ბრწყინვალედ ჩაატარა სამი საიდუმლო ოპერაცია, იუწყება ჟურნალისტი ამიტ სეგალი უსაფრთხოების სამსახურის წყაროზე დაყრდნობით.]. Rank the following captions based on how well that they relect that meaning. Return only a list of reordered indices, e.g., [1, 3, 2, 4, 5], from most to least similar. Do not include any explanation.","[4, 1, 5, 3, 2]",3.7959282398223877
67,თეთრი ყვავი,"მოკლედ რომ ვთქვათ, თეთრი ყვავი იყო ამ საზოგადოებაში და ამან გამოიწვია მისი გარიყვა.",,"['49842946762.png', '49802839666.png', '61461338987.png', '86496946075.png', '80464917694.png']","Consider the expression: [თეთრი ყვავი] in the Georgian language, and its meaning in context: [მოკლედ რომ ვთქვათ, თეთრი ყვავი იყო ამ საზოგადოებაში და ამან გამოიწვია მისი გარიყვა.]. Rank the following captions based on how well that they relect that meaning. Return only a list of reordered indices, e.g., [1, 3, 2, 4, 5], from most to least similar. Do not include any explanation.","[2, 1, 4, 3, 5]",1.0881116390228271
68,თეთრი ყვავი,გვარამია საზოგადოებაში აღქმული იქნება როგორც „თეთრი ყვავი”.,,"['49842946762.png', '61461338987.png', '49802839666.png', '86496946075.png', '80464917694.png']","Consider the expression: [თეთრი ყვავი] in the Georgian language, and its meaning in context: [გვარამია საზოგადოებაში აღქმული იქნება როგორც „თეთრი ყვავი”.]. Rank the following captions based on how well that they relect that meaning. Return only a list of reordered indices, e.g., [1, 3, 2, 4, 5], from most to least similar. Do not include any explanation.","[3, 1, 5, 2, 4]",1.4207649230957031
69,თეთრი ყვავი,მარმარილოს ის თეთრი ყვავი წლების მანძილზე პორტალის თავზე იდგა.,,"['49842946762.png', '86496946075.png', '49802839666.png', '80464917694.png', '61461338987.png']","Consider the expression: [თეთრი ყვავი] in the Georgian language, and its meaning in context: [მარმარილოს ის თეთრი ყვავი წლების მანძილზე პორტალის თავზე იდგა.]. Rank the following captions based on how well that they relect that meaning. Return only a list of reordered indices, e.g., [1, 3, 2, 4, 5], from most to least similar. Do not include any explanation.","[2, 4, 5, 3, 1]",2.6245813369750977
70,თეთრი ყვავი,"ეს არის თეთრი ყვავი, იშვიათია მარა მაინც არსებობს.",,"['49842946762.png', '49802839666.png', '61461338987.png', '80464917694.png', '86496946075.png']","Consider the expression: [თეთრი ყვავი] in the Georgian language, and its meaning in context: [ეს არის თეთრი ყვავი, იშვიათია მარა მაინც არსებობს.]. Rank the following captions based on how well that they relect that meaning. Return only a list of reordered indices, e.g., [1, 3, 2, 4, 5], from most to least similar. Do not include any explanation.","[5, 1, 4, 3, 2]",1.346837043762207
71,ცისფერი სისხლი,"ყველას მოგვისმენია გამოთქმა “ცისფერი სისხლი"", რომელიც მაღალი ფენის საზოგადოებას აღნიშნავს.",,"['12905788824.png', '18771595273.png', '49843288824.png', '64636405826.png', '41935236268.png']","Consider the expression: [ცისფერი სისხლი] in the Georgian language, and its meaning in context: [ყველას მოგვისმენია გამოთქმა “ცისფერი სისხლი"", რომელიც მაღალი ფენის საზოგადოებას აღნიშნავს.]. Rank the following captions based on how well that they relect that meaning. Return only a list of reordered indices, e.g., [1, 3, 2, 4, 5], from most to least similar. Do not include any explanation.","[2, 3, 1, 5, 4]",1.2115716934204102
72,ცისფერი სისხლი,"ჩამოთვლილთაგან ყველას აქვს ცისფერი სისხლი, რადგან მათ სისხლში განსხვავებული რესპირატორული პიგმენტია.",,"['64636405826.png', '41935236268.png', '18771595273.png', '12905788824.png', '49843288824.png']","Consider the expression: [ცისფერი სისხლი] in the Georgian language, and its meaning in context: [ჩამოთვლილთაგან ყველას აქვს ცისფერი სისხლი, რადგან მათ სისხლში განსხვავებული რესპირატორული პიგმენტია.]. Rank the following captions based on how well that they relect that meaning. Return only a list of reordered indices, e.g., [1, 3, 2, 4, 5], from most to least similar. Do not include any explanation.","[3, 4, 1, 2, 5]",1.0792686939239502
73,ცისფერი სისხლი,"მაგალითისათვის, რვაფეხას აქვს ცისფერი სისხლი და არა მარტო მას.",,"['41935236268.png', '49843288824.png', '64636405826.png', '18771595273.png', '12905788824.png']","Consider the expression: [ცისფერი სისხლი] in the Georgian language, and its meaning in context: [მაგალითისათვის, რვაფეხას აქვს ცისფერი სისხლი და არა მარტო მას.]. Rank the following captions based on how well that they relect that meaning. Return only a list of reordered indices, e.g., [1, 3, 2, 4, 5], from most to least similar. Do not include any explanation.","[2,5,1,3,4]",2.900212287902832
74,ცისფერი სისხლი,"მაგალითად, გიგანტურ ანტარქტიკულ რვაფეხას ცისფერი სისხლი აქვს, რომელიც ძალიან დაბალი ტემპერატურის პირობებში ბიოლოგიური ქსოვილების ჟანგბადით მომარაგებაში ეხმარებათ. სხვა არსებებში ყინვის საწინააღმდეგო ცილებიც გვხვდება.",,"['64636405826.png', '41935236268.png', '49843288824.png', '12905788824.png', '18771595273.png']","Consider the expression: [ცისფერი სისხლი] in the Georgian language, and its meaning in context: [მაგალითად, გიგანტურ ანტარქტიკულ რვაფეხას ცისფერი სისხლი აქვს, რომელიც ძალიან დაბალი ტემპერატურის პირობებში ბიოლოგიური ქსოვილების ჟანგბადით მომარაგებაში ეხმარებათ. სხვა არსებებში ყინვის საწინააღმდეგო ცილებიც გვხვდება.]. Rank the following captions based on how well that they relect that meaning. Return only a list of reordered indices, e.g., [1, 3, 2, 4, 5], from most to least similar. Do not include any explanation.","[4, 1, 3, 5, 2]",9.482715606689453
75,ტვინების გადინება,პოტენციური ტვინების გადინება უნდა გვაღელვებდეს.,,"['22521770295.png', '32168068112.png', '18359344021.png', '65730071676.png', '58321804717.png']","Consider the expression: [ტვინების გადინება] in the Georgian language, and its meaning in context: [პოტენციური ტვინების გადინება უნდა გვაღელვებდეს.]. Rank the following captions based on how well that they relect that meaning. Return only a list of reordered indices, e.g., [1, 3, 2, 4, 5], from most to least similar. Do not include any explanation.","[3, 5, 1, 4, 2]",1.0242161750793457
76,ტვინების გადინება,ამ პროცესმა წარმოშვა ტერმინი „ტვინების გადინება“ – როდესაც ქვეყნის ყველაზე განათლებული და ნიჭიერი მოქალაქეები ემიგრაციაში მიდიან და უკან აღარ ბრუნდებიან.,,"['18359344021.png', '65730071676.png', '22521770295.png', '32168068112.png', '58321804717.png']","Consider the expression: [ტვინების გადინება] in the Georgian language, and its meaning in context: [ამ პროცესმა წარმოშვა ტერმინი „ტვინების გადინება“ – როდესაც ქვეყნის ყველაზე განათლებული და ნიჭიერი მოქალაქეები ემიგრაციაში მიდიან და უკან აღარ ბრუნდებიან.]. Rank the following captions based on how well that they relect that meaning. Return only a list of reordered indices, e.g., [1, 3, 2, 4, 5], from most to least similar. Do not include any explanation.","[4, 5, 1, 2, 3]",1.3151497840881348
77,ტვინის თავსატეხი,"Cross Math არის საბოლოო ტვინის თავსატეხი, რომელიც შექმნილია თქვენი გონების გამოსაწვევად და თქვენი მათემატიკური შესაძლებლობების გასამკვეთად!",,"['23596413602.png', '77535076193.png', '18902756369.png', '14475658295.png', '69686180742.png']","Consider the expression: [ტვინის თავსატეხი] in the Georgian language, and its meaning in context: [Cross Math არის საბოლოო ტვინის თავსატეხი, რომელიც შექმნილია თქვენი გონების გამოსაწვევად და თქვენი მათემატიკური შესაძლებლობების გასამკვეთად!]. Rank the following captions based on how well that they relect that meaning. Return only a list of reordered indices, e.g., [1, 3, 2, 4, 5], from most to least similar. Do not include any explanation.","[5, 1, 4, 3, 2]",3.259183883666992
78,ტვინის თავსატეხი,სახალისო და საგანმანათლებლო ტვინის თავსატეხი ყველა ასაკისთვის.,,"['18902756369.png', '77535076193.png', '14475658295.png', '23596413602.png', '69686180742.png']","Consider the expression: [ტვინის თავსატეხი] in the Georgian language, and its meaning in context: [სახალისო და საგანმანათლებლო ტვინის თავსატეხი ყველა ასაკისთვის.]. Rank the following captions based on how well that they relect that meaning. Return only a list of reordered indices, e.g., [1, 3, 2, 4, 5], from most to least similar. Do not include any explanation.","[1, 4, 5, 3, 2]",1.2991092205047607
79,აგურის კედელი,"რაც რომ ვთარგმნოთ, ნიშნავს, აგურის კედელს ეჯახებითო, ყრუ კედელს ეჯახებითო.",,"['42062397530.png', '12457309843.png', '80027291049.png', '91000530465.png', '65501674356.png']","Consider the expression: [აგურის კედელი] in the Georgian language, and its meaning in context: [რაც რომ ვთარგმნოთ, ნიშნავს, აგურის კედელს ეჯახებითო, ყრუ კედელს ეჯახებითო.]. Rank the following captions based on how well that they relect that meaning. Return only a list of reordered indices, e.g., [1, 3, 2, 4, 5], from most to least similar. Do not include any explanation.","[4, 5, 1, 3, 2]",1.0280370712280273
80,აგურის კედელი,"„ეს იგივეა, თავს აგურის კედელს ურტყამდე“ - ასე აღწერეთ ეს ყველაფერი.",,"['42062397530.png', '80027291049.png', '12457309843.png', '91000530465.png', '65501674356.png']","Consider the expression: [აგურის კედელი] in the Georgian language, and its meaning in context: [„ეს იგივეა, თავს აგურის კედელს ურტყამდე“ - ასე აღწერეთ ეს ყველაფერი.]. Rank the following captions based on how well that they relect that meaning. Return only a list of reordered indices, e.g., [1, 3, 2, 4, 5], from most to least similar. Do not include any explanation.","[2, 1, 4, 3, 5]",1.0998382568359375
81,აგურის კედელი,"აგურის კედელი ლამაზად გამოიყურება თითქმის ყველა ოთახში – მისაღებში, სამზარეულოში, საძინებელ ოთახში და სააბაზანოშიც კი.",,"['42062397530.png', '65501674356.png', '12457309843.png', '80027291049.png', '91000530465.png']","Consider the expression: [აგურის კედელი] in the Georgian language, and its meaning in context: [აგურის კედელი ლამაზად გამოიყურება თითქმის ყველა ოთახში – მისაღებში, სამზარეულოში, საძინებელ ოთახში და სააბაზანოშიც კი.]. Rank the following captions based on how well that they relect that meaning. Return only a list of reordered indices, e.g., [1, 3, 2, 4, 5], from most to least similar. Do not include any explanation.","[5, 4, 2, 3, 1]",1.322394847869873
82,აგურის კედელი,ინტერიერის დიზაინის რომელ სტილში „ჯდება“ ყველაზე კარგად აგურის კედელი?,,"['42062397530.png', '65501674356.png', '91000530465.png', '12457309843.png', '80027291049.png']","Consider the expression: [აგურის კედელი] in the Georgian language, and its meaning in context: [ინტერიერის დიზაინის რომელ სტილში „ჯდება“ ყველაზე კარგად აგურის კედელი?]. Rank the following captions based on how well that they relect that meaning. Return only a list of reordered indices, e.g., [1, 3, 2, 4, 5], from most to least similar. Do not include any explanation.","[4, 3, 1, 2, 5]",1.558753252029419
83,ქულების დაგროვება,"ფაქტია, რომ MIT მეთოდოლოგიის ყველა საზომში უმაღლეს ქულებს აგროვებს.",,"['19744036760.png', '60482504016.png', '19165502738.png', '88204773205.png', '21249002746.png']","Consider the expression: [ქულების დაგროვება] in the Georgian language, and its meaning in context: [ფაქტია, რომ MIT მეთოდოლოგიის ყველა საზომში უმაღლეს ქულებს აგროვებს.]. Rank the following captions based on how well that they relect that meaning. Return only a list of reordered indices, e.g., [1, 3, 2, 4, 5], from most to least similar. Do not include any explanation.","[2, 4, 1, 3, 5]",3.186133861541748
84,ქულების დაგროვება,"ის ქულებს აგროვებს ვან გოგის მკვლელობაზე, 11 სექტემბერზე, პიმ ფორტოინის მკვლელობაზე - ფორტოინი პირველი პოლიტიკოსი იყო, რომელმაც ეს საკითხი წამოჭრა.",,"['60482504016.png', '19744036760.png', '88204773205.png', '19165502738.png', '21249002746.png']","Consider the expression: [ქულების დაგროვება] in the Georgian language, and its meaning in context: [ის ქულებს აგროვებს ვან გოგის მკვლელობაზე, 11 სექტემბერზე, პიმ ფორტოინის მკვლელობაზე - ფორტოინი პირველი პოლიტიკოსი იყო, რომელმაც ეს საკითხი წამოჭრა.]. Rank the following captions based on how well that they relect that meaning. Return only a list of reordered indices, e.g., [1, 3, 2, 4, 5], from most to least similar. Do not include any explanation.","[1, 4, 3, 5, 2]",0.9661340713500977
85,ქულების დაგროვება,გაიმარტივე ქულების დაგროვება ონლაინ შოპინგისას.,,"['19744036760.png', '60482504016.png', '19165502738.png', '21249002746.png', '88204773205.png']","Consider the expression: [ქულების დაგროვება] in the Georgian language, and its meaning in context: [გაიმარტივე ქულების დაგროვება ონლაინ შოპინგისას.]. Rank the following captions based on how well that they relect that meaning. Return only a list of reordered indices, e.g., [1, 3, 2, 4, 5], from most to least similar. Do not include any explanation.","[4, 5, 1, 2, 3]",1.039764642715454
86,ქულების დაგროვება,ქულების დაგროვება მარტივია — უბრალოდ გამოიყენე შენი საქართველოს ბანკის ბარათი.,,"['19744036760.png', '60482504016.png', '88204773205.png', '19165502738.png', '21249002746.png']","Consider the expression: [ქულების დაგროვება] in the Georgian language, and its meaning in context: [ქულების დაგროვება მარტივია — უბრალოდ გამოიყენე შენი საქართველოს ბანკის ბარათი.]. Rank the following captions based on how well that they relect that meaning. Return only a list of reordered indices, e.g., [1, 3, 2, 4, 5], from most to least similar. Do not include any explanation.","[4, 1, 3, 2, 5]",5.953683853149414
87,ბაზრის ზრდა,ბაზრის ზრდა ძლიერი იყო როგორც თბილისში ისე რეგიონში.,,"['73267614519.png', '33523158633.png', '90636650798.png', '15711661947.png', '21587456592.png']","Consider the expression: [ბაზრის ზრდა] in the Georgian language, and its meaning in context: [ბაზრის ზრდა ძლიერი იყო როგორც თბილისში ისე რეგიონში.]. Rank the following captions based on how well that they relect that meaning. Return only a list of reordered indices, e.g., [1, 3, 2, 4, 5], from most to least similar. Do not include any explanation.","[1, 5, 4, 2, 3]",4.005664587020874
88,ბაზრის ზრდა,"ბაზრის ზრდა, ანუ დროთა განმავლობაში მოთხოვნის ზრდა ასევე მნიშვნელოვანი ფაქტორია.",,"['90636650798.png', '15711661947.png', '33523158633.png', '73267614519.png', '21587456592.png']","Consider the expression: [ბაზრის ზრდა] in the Georgian language, and its meaning in context: [ბაზრის ზრდა, ანუ დროთა განმავლობაში მოთხოვნის ზრდა ასევე მნიშვნელოვანი ფაქტორია.]. Rank the following captions based on how well that they relect that meaning. Return only a list of reordered indices, e.g., [1, 3, 2, 4, 5], from most to least similar. Do not include any explanation.","[2, 1, 5, 3, 4]",1.0645661354064941
89,მეწველი ძროხა,"ხალხი ჰგონიათ მეწველი ძროხა, რომელიც არჩევნების დროს ახსენდებათ, მერე გაშრა ეს ძროხა თუ მოკვდა, არავინ კითხულობს” – გორდელაძე.",,"['56667961563.png', '30548963845.png', '54053954184.png', '38676842703.png', '10420676866.png']","Consider the expression: [მეწველი ძროხა] in the Georgian language, and its meaning in context: [ხალხი ჰგონიათ მეწველი ძროხა, რომელიც არჩევნების დროს ახსენდებათ, მერე გაშრა ეს ძროხა თუ მოკვდა, არავინ კითხულობს” – გორდელაძე.]. Rank the following captions based on how well that they relect that meaning. Return only a list of reordered indices, e.g., [1, 3, 2, 4, 5], from most to least similar. Do not include any explanation.","[4, 1, 5, 3, 2]",4.582860946655273
90,მეწველი ძროხა,სახელმწიფო არ არის მეწველი ძროხა.,,"['38676842703.png', '30548963845.png', '56667961563.png', '10420676866.png', '54053954184.png']","Consider the expression: [მეწველი ძროხა] in the Georgian language, and its meaning in context: [სახელმწიფო არ არის მეწველი ძროხა.]. Rank the following captions based on how well that they relect that meaning. Return only a list of reordered indices, e.g., [1, 3, 2, 4, 5], from most to least similar. Do not include any explanation.","[2, 1, 4, 3, 5]",3.2703518867492676
91,მეწველი ძროხა,"რადგან გაჭირვებული უნდა ყოფილიყო ჩვენი ჩვენებური კაცი, ორი თუ არა მეტი, ერთი მეწველი ძროხა მაინც დაუდიოდა ეზოში.",,"['30548963845.png', '56667961563.png', '10420676866.png', '38676842703.png', '54053954184.png']","Consider the expression: [მეწველი ძროხა] in the Georgian language, and its meaning in context: [რადგან გაჭირვებული უნდა ყოფილიყო ჩვენი ჩვენებური კაცი, ორი თუ არა მეტი, ერთი მეწველი ძროხა მაინც დაუდიოდა ეზოში.]. Rank the following captions based on how well that they relect that meaning. Return only a list of reordered indices, e.g., [1, 3, 2, 4, 5], from most to least similar. Do not include any explanation.","[2, 5, 3, 1, 4]",1.0426983833312988
92,მეწველი ძროხა,მან ერთ დღეში სამი მეწველი ძროხა დაკარგა.,,"['56667961563.png', '30548963845.png', '10420676866.png', '38676842703.png', '54053954184.png']","Consider the expression: [მეწველი ძროხა] in the Georgian language, and its meaning in context: [მან ერთ დღეში სამი მეწველი ძროხა დაკარგა.]. Rank the following captions based on how well that they relect that meaning. Return only a list of reordered indices, e.g., [1, 3, 2, 4, 5], from most to least similar. Do not include any explanation.","[2, 5, 4, 1, 3]",1.1009275913238525
93,ჯაჭვური რეაქცია,"– რაც ხდება, ამ ყველაფერს ჯაჭვური რეაქცია ეწოდება.",,"['64779865205.png', '26899740009.png', '82944598487.png', '56791737129.png', '45651648874.png']","Consider the expression: [ჯაჭვური რეაქცია] in the Georgian language, and its meaning in context: [– რაც ხდება, ამ ყველაფერს ჯაჭვური რეაქცია ეწოდება.]. Rank the following captions based on how well that they relect that meaning. Return only a list of reordered indices, e.g., [1, 3, 2, 4, 5], from most to least similar. Do not include any explanation.","[5, 4, 1, 2, 3]",2.7100353240966797
94,ჯაჭვური რეაქცია,"“გომურთან დაკავშირებით სისტემა თავს იცავს, ჯაჭვური რეაქცია რომ არ დაიწყოს”- გია ხუხაშვილი.",,"['56791737129.png', '26899740009.png', '64779865205.png', '82944598487.png', '45651648874.png']","Consider the expression: [ჯაჭვური რეაქცია] in the Georgian language, and its meaning in context: [“გომურთან დაკავშირებით სისტემა თავს იცავს, ჯაჭვური რეაქცია რომ არ დაიწყოს”- გია ხუხაშვილი.]. Rank the following captions based on how well that they relect that meaning. Return only a list of reordered indices, e.g., [1, 3, 2, 4, 5], from most to least similar. Do not include any explanation.","[5, 3, 1, 2, 4]",3.096989393234253
95,ჯაჭვური რეაქცია,"პოლიმერაზული ჯაჭვური რეაქცია (PCR) არის ბიოქიმიური ტექნოლოგია მოლეკულლურ ბიოლოგიაში, ის ახდენს დნმ-ის ფრაგმენტების ერთი ან რამდენიმე ასლის ამფლიკაციას მრავალი ჯერადობით, და ქმნის დნმ-ის თანმიმდევრობების მილიონამდე ასლს.",,"['82944598487.png', '26899740009.png', '64779865205.png', '56791737129.png', '45651648874.png']","Consider the expression: [ჯაჭვური რეაქცია] in the Georgian language, and its meaning in context: [პოლიმერაზული ჯაჭვური რეაქცია (PCR) არის ბიოქიმიური ტექნოლოგია მოლეკულლურ ბიოლოგიაში, ის ახდენს დნმ-ის ფრაგმენტების ერთი ან რამდენიმე ასლის ამფლიკაციას მრავალი ჯერადობით, და ქმნის დნმ-ის თანმიმდევრობების მილიონამდე ასლს.]. Rank the following captions based on how well that they relect that meaning. Return only a list of reordered indices, e.g., [1, 3, 2, 4, 5], from most to least similar. Do not include any explanation.","[4, 2, 3, 5, 1]",3.057610273361206
96,ჯაჭვური რეაქცია,"მისი თქმით, ჩინეთი, როგორც ჩანს იყენებს „ნულოვანი სიმძლავრის“ მეთოდებს, რომელთა დროსაც არ ხდება რეალური ატომური აფეთქება - ჯაჭვური რეაქცია.",,"['26899740009.png', '56791737129.png', '82944598487.png', '64779865205.png', '45651648874.png']","Consider the expression: [ჯაჭვური რეაქცია] in the Georgian language, and its meaning in context: [მისი თქმით, ჩინეთი, როგორც ჩანს იყენებს „ნულოვანი სიმძლავრის“ მეთოდებს, რომელთა დროსაც არ ხდება რეალური ატომური აფეთქება - ჯაჭვური რეაქცია.]. Rank the following captions based on how well that they relect that meaning. Return only a list of reordered indices, e.g., [1, 3, 2, 4, 5], from most to least similar. Do not include any explanation.","[2, 1, 3, 4, 5]",2.5195939540863037
97,დახურული წიგნი,მამაჩემისთვის მე დახურული წიგნი ვარ და რამდენიც არ უნდა ეცადოს მის წაკითხვას ის ვერასდროს შეძლებს.,,"['55455287290.png', '26354443757.png', '93059255336.png', '25425668720.png', '87862811605.png']","Consider the expression: [დახურული წიგნი] in the Georgian language, and its meaning in context: [მამაჩემისთვის მე დახურული წიგნი ვარ და რამდენიც არ უნდა ეცადოს მის წაკითხვას ის ვერასდროს შეძლებს.]. Rank the following captions based on how well that they relect that meaning. Return only a list of reordered indices, e.g., [1, 3, 2, 4, 5], from most to least similar. Do not include any explanation.","[4, 2, 1, 3, 5]",2.5641088485717773
98,დახურული წიგნი,"შენ ბევრისთვის დახურული წიგნი ხარ, მაგრამ ყველაფერი იცი ყველას შესახებ, - წერდნენ ისინი და ეპშტეინს აღწერდნენ, როგორც ""ადამიანთა კოლექციონერს"".",,"['55455287290.png', '26354443757.png', '25425668720.png', '87862811605.png', '93059255336.png']","Consider the expression: [დახურული წიგნი] in the Georgian language, and its meaning in context: [შენ ბევრისთვის დახურული წიგნი ხარ, მაგრამ ყველაფერი იცი ყველას შესახებ, - წერდნენ ისინი და ეპშტეინს აღწერდნენ, როგორც ""ადამიანთა კოლექციონერს"".]. Rank the following captions based on how well that they relect that meaning. Return only a list of reordered indices, e.g., [1, 3, 2, 4, 5], from most to least similar. Do not include any explanation.","[3, 2, 5, 1, 4]",2.550236940383911
99,დახურული წიგნი,"რადიაციული ტექნიკით შეიძლება, დახურული წიგნი წაიკითხოთ.",,"['55455287290.png', '26354443757.png', '93059255336.png', '25425668720.png', '87862811605.png']","Consider the expression: [დახურული წიგნი] in the Georgian language, and its meaning in context: [რადიაციული ტექნიკით შეიძლება, დახურული წიგნი წაიკითხოთ.]. Rank the following captions based on how well that they relect that meaning. Return only a list of reordered indices, e.g., [1, 3, 2, 4, 5], from most to least similar. Do not include any explanation.","[4, 3, 2, 5, 1]",3.1140098571777344
100,დახურული წიგნი,"ყოველი გენიალური წიგნი, ფილმი, რომელშიც ჩვენი პიროვნების წილი არაფერია, დახურული წიგნი და შეწყვეტილი ფილმია.",,"['55455287290.png', '26354443757.png', '93059255336.png', '25425668720.png', '87862811605.png']","Consider the expression: [დახურული წიგნი] in the Georgian language, and its meaning in context: [ყოველი გენიალური წიგნი, ფილმი, რომელშიც ჩვენი პიროვნების წილი არაფერია, დახურული წიგნი და შეწყვეტილი ფილმია.]. Rank the following captions based on how well that they relect that meaning. Return only a list of reordered indices, e.g., [1, 3, 2, 4, 5], from most to least similar. Do not include any explanation.","[4, 3, 1, 2, 5]",1.4850578308105469
101,მეცხრე ცა,"შემიძლია ვთქვა, რომ სწორედ აქ გარდაიხსნა ჩემში პირადი მეცხრე ცა და ათვლა დაიწყო ცხოვრების სრულიად ახალმა ეტაპმა.",,"['97694030865.png', '92728389060.png', '70979168758.png', '18822569341.png', '65809615279.png']","Consider the expression: [მეცხრე ცა] in the Georgian language, and its meaning in context: [შემიძლია ვთქვა, რომ სწორედ აქ გარდაიხსნა ჩემში პირადი მეცხრე ცა და ათვლა დაიწყო ცხოვრების სრულიად ახალმა ეტაპმა.]. Rank the following captions based on how well that they relect that meaning. Return only a list of reordered indices, e.g., [1, 3, 2, 4, 5], from most to least similar. Do not include any explanation.","[1, 5, 4, 3, 2]",1.2565603256225586
102,მეცხრე ცა,"აქ ჩამერთო მეექვსე გრძნობა ,თუ “მეცხრე ცა “ და ელვისსისწრაფით ამოვყავი თავი გლდანში.",,"['97694030865.png', '92728389060.png', '70979168758.png', '18822569341.png', '65809615279.png']","Consider the expression: [მეცხრე ცა] in the Georgian language, and its meaning in context: [აქ ჩამერთო მეექვსე გრძნობა ,თუ “მეცხრე ცა “ და ელვისსისწრაფით ამოვყავი თავი გლდანში.]. Rank the following captions based on how well that they relect that meaning. Return only a list of reordered indices, e.g., [1, 3, 2, 4, 5], from most to least similar. Do not include any explanation.","[1, 5, 4, 3, 2]",2.509641170501709
103,მეცხრე ცა,"გამოთქმული, რომ, შესაძლებელია, აქ იგულისხმებოდეს არა მეცხრე ცა, არამედ ცხრა ცა.",,"['92728389060.png', '70979168758.png', '97694030865.png', '18822569341.png', '65809615279.png']","Consider the expression: [მეცხრე ცა] in the Georgian language, and its meaning in context: [გამოთქმული, რომ, შესაძლებელია, აქ იგულისხმებოდეს არა მეცხრე ცა, არამედ ცხრა ცა.]. Rank the following captions based on how well that they relect that meaning. Return only a list of reordered indices, e.g., [1, 3, 2, 4, 5], from most to least similar. Do not include any explanation.","[4, 1, 5, 3, 2]",2.4195454120635986
104,მეცხრე ცა,"გაბრწყინდა მეცხრე ცა, განათდა იკანკლედი, ზოდიაქოები ერთმანეთში აირივნენ და ამ ქაოსიდან მისი სახე გამოინაკვთა, ლამაზი პროფილით, გრძელი, სწორი თმით, თმაში შროშანებით, ხელში ცისკრის ვარსკვლავი ეჭირა და შიშველ ტერფებთან თეთრი კურდღლები დაუხტოდნენ.",,"['70979168758.png', '92728389060.png', '97694030865.png', '18822569341.png', '65809615279.png']","Consider the expression: [მეცხრე ცა] in the Georgian language, and its meaning in context: [გაბრწყინდა მეცხრე ცა, განათდა იკანკლედი, ზოდიაქოები ერთმანეთში აირივნენ და ამ ქაოსიდან მისი სახე გამოინაკვთა, ლამაზი პროფილით, გრძელი, სწორი თმით, თმაში შროშანებით, ხელში ცისკრის ვარსკვლავი ეჭირა და შიშველ ტერფებთან თეთრი კურდღლები დაუხტოდნენ.]. Rank the following captions based on how well that they relect that meaning. Return only a list of reordered indices, e.g., [1, 3, 2, 4, 5], from most to least similar. Do not include any explanation.","[3, 2, 1, 5, 4]",2.3892669677734375
105,ცივი ნუგეში,მაგრამ გულს ისრად ესობოდა ცივი ნუგეში და იკუმშებოდა დალახვრული.,,"['88343564263.png', '94158667147.png', '89964963721.png', '13230523377.png', '88914022828.png']","Consider the expression: [ცივი ნუგეში] in the Georgian language, and its meaning in context: [მაგრამ გულს ისრად ესობოდა ცივი ნუგეში და იკუმშებოდა დალახვრული.]. Rank the following captions based on how well that they relect that meaning. Return only a list of reordered indices, e.g., [1, 3, 2, 4, 5], from most to least similar. Do not include any explanation.","[3, 4, 5, 1, 2]",4.317251920700073
106,ცივი ნუგეში,მაგრამ გულს ისრად ესობოდა ცივი ნუგეში და იკუმშებოდა დალახვრული.,,"['13230523377.png', '94158667147.png', '88914022828.png', '89964963721.png', '88343564263.png']","Consider the expression: [ცივი ნუგეში] in the Georgian language, and its meaning in context: [მაგრამ გულს ისრად ესობოდა ცივი ნუგეში და იკუმშებოდა დალახვრული.]. Rank the following captions based on how well that they relect that meaning. Return only a list of reordered indices, e.g., [1, 3, 2, 4, 5], from most to least similar. Do not include any explanation.","[3, 1, 2, 5, 4]",4.60125470161438
107,ცივი ნუგეში,"ცივი ნუგეში იყო, როდესაც რამდენიმე თვის შემდეგ, მასშტაბური კვლევა დაადასტურა ჩემმა ჩვენებამ და სამთავრობო უწყებებმა სტეროიდები COVID-19 პაციენტების მკურნალობის სტანდარტულ პროგრამებს დაამატეს.",,"['88914022828.png', '94158667147.png', '88343564263.png', '13230523377.png', '89964963721.png']","Consider the expression: [ცივი ნუგეში] in the Georgian language, and its meaning in context: [ცივი ნუგეში იყო, როდესაც რამდენიმე თვის შემდეგ, მასშტაბური კვლევა დაადასტურა ჩემმა ჩვენებამ და სამთავრობო უწყებებმა სტეროიდები COVID-19 პაციენტების მკურნალობის სტანდარტულ პროგრამებს დაამატეს.]. Rank the following captions based on how well that they relect that meaning. Return only a list of reordered indices, e.g., [1, 3, 2, 4, 5], from most to least similar. Do not include any explanation.","[4, 1, 5, 2, 3]",3.0581634044647217
108,ცივი ნუგეში,ცივი ნუგეშივით იყო ნაპოვნი გასაღები.,,"['13230523377.png', '88914022828.png', '94158667147.png', '89964963721.png', '88343564263.png']","Consider the expression: [ცივი ნუგეში] in the Georgian language, and its meaning in context: [ცივი ნუგეშივით იყო ნაპოვნი გასაღები.]. Rank the following captions based on how well that they relect that meaning. Return only a list of reordered indices, e.g., [1, 3, 2, 4, 5], from most to least similar. Do not include any explanation.","[4, 2, 3, 5, 1]",1.6184532642364502
109,ცივი შხაპი,“ძალიან ცივი შხაპი მიიღეს” გერმანიის ელჩზე “ორკესტრირებული თავდასხმის” გამო.,,"['66722941132.png', '19529494615.png', '64162426781.png', '31918505110.png', '99827147823.png']","Consider the expression: [ცივი შხაპი] in the Georgian language, and its meaning in context: [“ძალიან ცივი შხაპი მიიღეს” გერმანიის ელჩზე “ორკესტრირებული თავდასხმის” გამო.]. Rank the following captions based on how well that they relect that meaning. Return only a list of reordered indices, e.g., [1, 3, 2, 4, 5], from most to least similar. Do not include any explanation.","[3, 2, 5, 1, 4]",1.5431735515594482
110,ცივი შხაპი,"როგორც მან თქვა, თამაშის ბოლოს ცივი შხაპი მიიღეს, მაგრამ გამარჯვებაში დარწმუნებული იყვნენ.",,"['66722941132.png', '19529494615.png', '99827147823.png', '64162426781.png', '31918505110.png']","Consider the expression: [ცივი შხაპი] in the Georgian language, and its meaning in context: [როგორც მან თქვა, თამაშის ბოლოს ცივი შხაპი მიიღეს, მაგრამ გამარჯვებაში დარწმუნებული იყვნენ.]. Rank the following captions based on how well that they relect that meaning. Return only a list of reordered indices, e.g., [1, 3, 2, 4, 5], from most to least similar. Do not include any explanation.","[4, 1, 2, 3, 5]",2.7861783504486084
111,ცივი შხაპი,"ერთი ბოლოდროინდელი კვლევა, რომელშიც რამდენიმე ფიტნეს ენთუზიასტი მონაწილეობდა, ცივი შხაპის გავლენის შესწავლას მიეძღვნა.",,"['66722941132.png', '19529494615.png', '31918505110.png', '99827147823.png', '64162426781.png']","Consider the expression: [ცივი შხაპი] in the Georgian language, and its meaning in context: [ერთი ბოლოდროინდელი კვლევა, რომელშიც რამდენიმე ფიტნეს ენთუზიასტი მონაწილეობდა, ცივი შხაპის გავლენის შესწავლას მიეძღვნა.]. Rank the following captions based on how well that they relect that meaning. Return only a list of reordered indices, e.g., [1, 3, 2, 4, 5], from most to least similar. Do not include any explanation.","[1, 5, 4, 3, 2]",3.712812662124634
112,ცივი შხაპი,"ცივი შხაპი შესაძლოა არ იყოს კარგი იდეა, თუკი სხეული გადაცივებულია.",,"['66722941132.png', '19529494615.png', '31918505110.png', '64162426781.png', '99827147823.png']","Consider the expression: [ცივი შხაპი] in the Georgian language, and its meaning in context: [ცივი შხაპი შესაძლოა არ იყოს კარგი იდეა, თუკი სხეული გადაცივებულია.]. Rank the following captions based on how well that they relect that meaning. Return only a list of reordered indices, e.g., [1, 3, 2, 4, 5], from most to least similar. Do not include any explanation.","[4, 2, 1, 3, 5]",1.5166707038879395
